NodeId	BscFunctionId	BscMId	GeranCellMId	GeranCellId	GeranCellRelationId	awOffset	bqOffset	bqOffsetAfr	cand	cs	hiHyst	kHyst	kOffset	lHyst	lOffset	loHyst	offset	tRHyst	tROffset
TO3BSC1	1	1	1	KBC3	K03C3	3	5	5	BOTH	NO	5	3	0	3	0	5	0	2	0
TO3BSC1	1	1	1	KBC3	KBC1	3	5	5	BOTH	YES	5	3	0	3	0	5	0	2	0
TO3BSC1	1	1	1	KBC3	K47C2	3	5	5	BOTH	NO	5	3	0	3	0	5	0	2	0
TO3BSC1	1	1	1	KBC3	K03C2	3	5	5	BOTH	NO	5	3	0	3	0	5	0	2	0
TO3BSC1	1	1	1	KBC3	K47C1	3	5	5	BOTH	NO	5	3	0	3	0	5	0	2	0
TO3BSC1	1	1	1	KBC3	K77C3	3	5	5	BOTH	NO	5	3	0	3	0	5	0	2	0
TO3BSC1	1	1	1	KBC3	K03C1	3	5	5	BOTH	NO	5	3	0	3	0	5	0	2	0
TO3BSC1	1	1	1	KBC3	K33C1	3	5	5	BOTH	NO	5	3	0	3	0	5	0	2	0
TO3BSC1	1	1	1	KBC3	K77C1	3	5	5	BOTH	NO	5	3	0	3	0	5	0	2	0
TO3BSC1	1	1	1	KBC3	K33C3	3	5	5	BOTH	NO	5	3	0	3	0	5	0	2	0
TO3BSC1	1	1	1	KBC3	K33C2	3	5	5	BOTH	NO	5	3	0	3	0	5	0	2	0
TO3BSC1	1	1	1	KBC3	K77C2	3	5	5	BOTH	NO	5	3	0	3	0	5	0	2	0
TO3BSC1	1	1	1	KBC3	K47C3	3	5	5	BOTH	NO	5	3	0	3	0	5	0	2	0
TO3BSC1	1	1	1	KBC3	K20CJ2	3	5	5	BOTH	NO	5	3	0	3	0	5	0	2	0
TO3BSC1	1	1	1	KBC3	KBC2	3	5	5	BOTH	YES	5	3	0	3	0	5	0	2	0
TO3BSC1	1	1	1	KBC1	K77C3	3	5	5	BOTH	NO	5	3	0	3	0	5	0	2	0
TO3BSC1	1	1	1	KBC1	KBC3	3	5	5	BOTH	YES	5	3	0	3	0	5	0	2	0
TO3BSC1	1	1	1	KBC1	K33C3	3	5	5	BOTH	NO	5	3	0	3	0	5	0	2	0
TO3BSC1	1	1	1	KBC1	K47C3	3	5	5	BOTH	NO	5	3	0	3	0	5	0	2	0
TO3BSC1	1	1	1	KBC1	K03C1	3	5	5	BOTH	NO	5	3	0	3	0	5	0	2	0
TO3BSC1	1	1	1	KBC1	K03C2	3	5	5	BOTH	NO	5	3	0	3	0	5	0	2	0
TO3BSC1	1	1	1	KBC1	K77C1	3	5	5	BOTH	NO	5	3	0	3	0	5	0	2	0
TO3BSC1	1	1	1	KBC1	KBC2	3	5	5	BOTH	YES	5	3	0	3	0	5	0	2	0
TO3BSC1	1	1	1	KBC1	K77C2	3	5	5	BOTH	NO	5	3	0	3	0	5	0	2	0
TO3BSC1	1	1	1	KBC1	K47C2	3	5	5	BOTH	NO	5	3	0	3	0	5	0	2	0
TO3BSC1	1	1	1	KBC1	K33C2	3	5	5	BOTH	NO	5	3	0	3	0	5	0	2	0
TO3BSC1	1	1	1	KBC1	K03C3	3	5	5	BOTH	NO	5	3	0	3	0	5	0	2	0
TO3BSC1	1	1	1	KBC1	K33C1	3	5	5	BOTH	NO	5	3	0	3	0	5	0	2	0
TO3BSC1	1	1	1	KBC1	K47C1	3	5	5	BOTH	NO	5	3	0	3	0	5	0	2	0
TO3BSC1	1	1	1	KBC2	K77C1	3	5	5	BOTH	NO	5	3	0	3	0	5	0	2	0
TO3BSC1	1	1	1	KBC2	K33C1	3	5	5	BOTH	NO	5	3	0	3	0	5	0	2	0
TO3BSC1	1	1	1	KBC2	K33C3	3	5	5	BOTH	NO	5	3	0	3	0	5	0	2	0
TO3BSC1	1	1	1	KBC2	KBC3	3	5	5	BOTH	YES	5	3	0	3	0	5	0	2	0
TO3BSC1	1	1	1	KBC2	K03C1	3	5	5	BOTH	NO	5	3	0	3	0	5	0	2	0
TO3BSC1	1	1	1	KBC2	K03C3	3	5	5	BOTH	NO	5	3	0	3	0	5	0	2	0
TO3BSC1	1	1	1	KBC2	K33C2	3	5	5	BOTH	NO	5	3	0	3	0	5	0	2	0
TO3BSC1	1	1	1	KBC2	K47C1	3	5	5	BOTH	NO	5	3	0	3	0	5	0	2	0
TO3BSC1	1	1	1	KBC2	KBC1	3	5	5	BOTH	YES	5	3	0	3	0	5	0	2	0
TO3BSC1	1	1	1	KBC2	K47C3	3	5	5	BOTH	NO	5	3	0	3	0	5	0	2	0
TO3BSC1	1	1	1	KBC2	K77C3	3	5	5	BOTH	NO	5	3	0	3	0	5	0	2	0
TO3BSC1	1	1	1	KBC2	K03C2	3	5	5	BOTH	NO	5	3	0	3	0	5	0	2	0
TO3BSC1	1	1	1	KBC2	K47C2	3	5	5	BOTH	NO	5	3	0	3	0	5	0	2	0
TO3BSC1	1	1	1	KBC2	K77C2	3	5	5	BOTH	NO	5	3	0	3	0	5	0	2	0
TO3BSC1	1	1	1	K47C2	KBC1	3	5	5	BOTH	NO	5	3	0	3	0	5	0	2	0
TO3BSC1	1	1	1	K47C2	KBC3	3	5	5	BOTH	NO	5	3	0	3	0	5	0	2	0
TO3BSC1	1	1	1	K47C2	KBC2	3	5	5	BOTH	NO	5	3	0	3	0	5	0	2	0
TO3BSC1	1	1	1	K77C2	KBC3	3	5	5	BOTH	NO	5	3	0	3	0	5	0	2	0
TO3BSC1	1	1	1	K77C2	KBC2	3	5	5	BOTH	NO	5	3	0	3	0	5	0	2	0
TO3BSC1	1	1	1	K77C2	KBC1	3	5	5	BOTH	NO	5	3	0	3	0	5	0	2	0
TO3BSC1	1	1	1	K77C3	KBC3	3	5	5	BOTH	NO	5	3	0	3	0	5	0	2	0
TO3BSC1	1	1	1	K77C3	KBC1	3	5	5	BOTH	NO	5	3	0	3	0	5	0	2	0
TO3BSC1	1	1	1	K77C3	KBC2	3	5	5	BOTH	NO	5	3	0	3	0	5	0	2	0
TO3BSC1	1	1	1	K77C1	KBC1	3	5	5	BOTH	NO	5	3	0	3	0	5	0	2	0
TO3BSC1	1	1	1	K77C1	KBC2	3	5	5	BOTH	NO	5	3	0	3	0	5	0	2	0
TO3BSC1	1	1	1	K77C1	KBC3	3	5	5	BOTH	NO	5	3	0	3	0	5	0	2	0
TO3BSC1	1	1	1	K47C3	KBC1	3	5	5	BOTH	NO	5	3	0	3	0	5	0	2	0
TO3BSC1	1	1	1	K47C3	KBC3	3	5	5	BOTH	NO	5	3	0	3	0	5	0	2	0
TO3BSC1	1	1	1	K47C3	KBC2	3	5	5	BOTH	NO	5	3	0	3	0	5	0	2	0
TO3BSC1	1	1	1	K03C2	KBC1	3	5	5	BOTH	NO	5	3	0	3	0	5	0	2	0
TO3BSC1	1	1	1	K03C2	KBC3	3	5	5	BOTH	NO	5	3	0	3	0	5	0	2	0
TO3BSC1	1	1	1	K03C2	KBC2	3	5	5	BOTH	NO	5	3	0	3	0	5	0	2	0
TO3BSC1	1	1	1	K33C1	KBC2	3	5	5	BOTH	NO	5	3	0	3	0	5	0	2	0
TO3BSC1	1	1	1	K33C1	KBC3	3	5	5	BOTH	NO	5	3	0	3	0	5	0	2	0
TO3BSC1	1	1	1	K33C1	KBC1	3	5	5	BOTH	NO	5	3	0	3	0	5	0	2	0
TO3BSC1	1	1	1	K03C1	KBC3	3	5	5	BOTH	NO	5	3	0	3	0	5	0	2	0
TO3BSC1	1	1	1	K03C1	KBC2	3	5	5	BOTH	NO	5	3	0	3	0	5	0	2	0
TO3BSC1	1	1	1	K03C1	KBC1	3	5	5	BOTH	NO	5	3	0	3	0	5	0	2	0
TO3BSC1	1	1	1	K33C3	KBC2	3	5	5	BOTH	NO	5	3	0	3	0	5	0	2	0
TO3BSC1	1	1	1	K33C3	KBC3	3	5	5	BOTH	NO	5	3	0	3	0	5	0	2	0
TO3BSC1	1	1	1	K33C3	KBC1	3	5	5	BOTH	NO	5	3	0	3	0	5	0	2	0
TO3BSC1	1	1	1	K33C2	KBC2	3	5	5	BOTH	NO	5	3	0	3	0	5	0	2	0
TO3BSC1	1	1	1	K33C2	KBC3	3	5	5	BOTH	NO	5	3	0	3	0	5	0	2	0
TO3BSC1	1	1	1	K33C2	KBC1	3	5	5	BOTH	NO	5	3	0	3	0	5	0	2	0
TO3BSC1	1	1	1	K03C3	KBC2	3	5	5	BOTH	NO	5	3	0	3	0	5	0	2	0
TO3BSC1	1	1	1	K03C3	KBC1	3	5	5	BOTH	NO	5	3	0	3	0	5	0	2	0
TO3BSC1	1	1	1	K03C3	KBC3	3	5	5	BOTH	NO	5	3	0	3	0	5	0	2	0
TO3BSC1	1	1	1	K47C1	KBC2	3	5	5	BOTH	NO	5	3	0	3	0	5	0	2	0
TO3BSC1	1	1	1	K47C1	KBC1	3	5	5	BOTH	NO	5	3	0	3	0	5	0	2	0
TO3BSC1	1	1	1	K47C1	KBC3	3	5	5	BOTH	NO	5	3	0	3	0	5	0	2	0
TO3BSC1	1	1	1	K20CJ2	KBC3	3	5	5	BOTH	NO	5	3	0	3	0	5	0	2	0
